{"mean":{"confidence_interval":{"confidence_level":0.95,"lower_bound":20839.808640240422,"upper_bound":22211.713645409975},"point_estimate":21450.130649575298,"standard_error":351.72375814985753},"median":{"confidence_interval":{"confidence_level":0.95,"lower_bound":20739.126024590165,"upper_bound":21495.831401909723},"point_estimate":21005.734421921923,"standard_error":191.19990962804317},"median_abs_dev":{"confidence_interval":{"confidence_level":0.95,"lower_bound":1530.1921340320664,"upper_bound":2878.803301482411},"point_estimate":2234.2193432030967,"standard_error":346.249215008901},"slope":{"confidence_interval":{"confidence_level":0.95,"lower_bound":20439.941996525267,"upper_bound":21637.36561895399},"point_estimate":21000.577083887492,"standard_error":303.8031077717115},"std_dev":{"confidence_interval":{"confidence_level":0.95,"lower_bound":2010.959053383333,"upper_bound":5211.6153918077125},"point_estimate":3528.534493896456,"standard_error":983.4910394805067}}